"gene","cell_type","mean.rel.exp","X1","X4","X5","X3","Chr","start","end","ori","cro_v2_id","cro_v3_gene","tag","function","order","segment","tag2"
"CRO-01G000560","Idioblast",2.852189929365981,NA,NA,NA,NA,NA,NA,NA,NA,NA,NA,NA,NA,NA,NA,""
"CRO-01G001040","Epidermis",0.5869603334199971,NA,NA,NA,NA,NA,NA,NA,NA,NA,NA,NA,NA,NA,NA,""
"CRO-01G001850","Epidermis",0.4995751669967766,NA,NA,NA,NA,NA,NA,NA,NA,NA,NA,NA,NA,NA,NA,""
"CRO-01G002410","Vasculature",0.0072972588377034405,NA,NA,NA,NA,NA,NA,NA,NA,NA,NA,NA,NA,NA,NA,""
"CRO-01G003000","Guard cells",0.19155390546248713,NA,NA,NA,NA,NA,NA,NA,NA,NA,NA,NA,NA,NA,NA,""
"CRO-01G003380","Phloem CC",1.048547035051649,NA,NA,NA,NA,NA,NA,NA,NA,NA,NA,NA,NA,NA,NA,""
"CRO-01G004240","Epidermis",0.9249000204609271,NA,NA,NA,NA,NA,NA,NA,NA,NA,NA,NA,NA,NA,NA,""
"CRO-01G004350","Phloem CC",0.4343654405401227,NA,NA,NA,NA,NA,NA,NA,NA,NA,NA,NA,NA,NA,NA,""
"CRO-01G005050","Epidermis",0.5458298758327501,NA,NA,NA,NA,NA,NA,NA,NA,NA,NA,NA,NA,NA,NA,""
"CRO-01G005870","Idioblast",0.28851139148674554,NA,NA,NA,NA,NA,NA,NA,NA,NA,NA,NA,NA,NA,NA,""
"CRO-01G006240","Epidermis",0.1719538475672767,NA,NA,NA,NA,NA,NA,NA,NA,NA,NA,NA,NA,NA,NA,""
"CRO-01G006390","Epidermis",0.44050793605908517,NA,NA,NA,NA,NA,NA,NA,NA,NA,NA,NA,NA,NA,NA,""
"CRO-01G006470","Idioblast",0.3816762503469131,NA,NA,NA,NA,NA,NA,NA,NA,NA,NA,NA,NA,NA,NA,""
"CRO-01G006740","IPAP",3.187296432670024,NA,NA,NA,NA,NA,NA,NA,NA,NA,NA,NA,NA,NA,NA,""
"CRO-01G006750","IPAP",3.063893104586333,"Chr1",5625533,5628506,"mRNA","Chr1",5625624,5628226,"+","CRO_T133061","CRO_01G006750","G8H","cytochrome P450, family 76, subfamily C, polypeptide",11,"Iridoid","known genes"
"CRO-01G007510","Phloem CC",0.00450239120716726,NA,NA,NA,NA,NA,NA,NA,NA,NA,NA,NA,NA,NA,NA,""
"CRO-01G007620","Epidermis",0.12299257701633905,NA,NA,NA,NA,NA,NA,NA,NA,NA,NA,NA,NA,NA,NA,""
"CRO-01G008860","Epidermis",0.4398345950678182,NA,NA,NA,NA,NA,NA,NA,NA,NA,NA,NA,NA,NA,NA,""
"CRO-01G009680","Epidermis",0.6647521066657485,NA,NA,NA,NA,NA,NA,NA,NA,NA,NA,NA,NA,NA,NA,""
"CRO-01G009920","Epidermis",0.007129550577836128,NA,NA,NA,NA,NA,NA,NA,NA,NA,NA,NA,NA,NA,NA,""
"CRO-01G010020","IPAP",1.6961349865496098,"Chr1",10069834,10076490,"mRNA","Chr1",10069890,10076442,"+","CRO_T130745","CRO_01G010020","HDS","4-hydroxy-3-methylbut-2-enyl diphosphate synthase",6,"MEP","known genes"
"CRO-01G011220","Idioblast",1.43366900117133,NA,NA,NA,NA,NA,NA,NA,NA,NA,NA,NA,NA,NA,NA,""
"CRO-01G011240","Idioblast",2.042526589896269,NA,NA,NA,NA,NA,NA,NA,NA,NA,NA,NA,NA,NA,NA,""
"CRO-01G013240","Epidermis",0.08465212630303097,NA,NA,NA,NA,NA,NA,NA,NA,NA,NA,NA,NA,NA,NA,""
"CRO-01G013280","IPAP",1.0246718948409188,NA,NA,NA,NA,NA,NA,NA,NA,NA,NA,NA,NA,NA,NA,""
"CRO-01G013530","Epidermis",1.1870393656026677,NA,NA,NA,NA,NA,NA,NA,NA,NA,NA,NA,NA,NA,NA,""
"CRO-01G014580","Idioblast",0.21114892185605977,NA,NA,NA,NA,NA,NA,NA,NA,NA,NA,NA,NA,NA,NA,""
"CRO-01G015320","Epidermis",0.31809072758848445,NA,NA,NA,NA,NA,NA,NA,NA,NA,NA,NA,NA,NA,NA,""
"CRO-01G020080","IPAP",0.6149098247646101,NA,NA,NA,NA,NA,NA,NA,NA,NA,NA,NA,NA,NA,NA,""
"CRO-01G020260","Phloem CC",0.32219586418776003,NA,NA,NA,NA,NA,NA,NA,NA,NA,NA,NA,NA,NA,NA,""
"CRO-01G020380","Phloem CC",0.12737069019638678,NA,NA,NA,NA,NA,NA,NA,NA,NA,NA,NA,NA,NA,NA,""
"CRO-01G020710","Idioblast",3.238232127973818,NA,NA,NA,NA,NA,NA,NA,NA,NA,NA,NA,NA,NA,NA,""
"CRO-01G021480","Epidermis",0.4777016655831821,NA,NA,NA,NA,NA,NA,NA,NA,NA,NA,NA,NA,NA,NA,""
"CRO-01G023900","Idioblast",0.22773472619170348,NA,NA,NA,NA,NA,NA,NA,NA,NA,NA,NA,NA,NA,NA,""
"CRO-01G024090","Vasculature",0.10376507722259772,NA,NA,NA,NA,NA,NA,NA,NA,NA,NA,NA,NA,NA,NA,""
"CRO-01G026840","Epidermis",1.022687540020148,NA,NA,NA,NA,NA,NA,NA,NA,NA,NA,NA,NA,NA,NA,""
"CRO-01G027000","Idioblast",0.4815976927490962,NA,NA,NA,NA,NA,NA,NA,NA,NA,NA,NA,NA,NA,NA,""
"CRO-01G027010","IPAP",2.7691267963521384,"Chr1",68443982,68446273,"mRNA","Chr1",68443983,68454728,"+","CRO_T107879","CRO_01G027010/CRO_01G027020","GOR","aspartate aminotransferase",12,"Iridoid","known genes"
"CRO-01G027200","Epidermis",1.005947301454865,NA,NA,NA,NA,NA,NA,NA,NA,NA,NA,NA,NA,NA,NA,""
"CRO-01G027620","Epidermis",0.34915113238209644,NA,NA,NA,NA,NA,NA,NA,NA,NA,NA,NA,NA,NA,NA,""
"CRO-01G027990","Idioblast",0.45051617918606884,NA,NA,NA,NA,NA,NA,NA,NA,NA,NA,NA,NA,NA,NA,""
"CRO-01G028400","Phloem CC",0.7295497304269247,NA,NA,NA,NA,NA,NA,NA,NA,NA,NA,NA,NA,NA,NA,""
"CRO-01G028790","Epidermis",1.0131759696216482,NA,NA,NA,NA,NA,NA,NA,NA,NA,NA,NA,NA,NA,NA,""
"CRO-01G029740","Phloem CC",0.3167309117114357,NA,NA,NA,NA,NA,NA,NA,NA,NA,NA,NA,NA,NA,NA,""
"CRO-01G030140","Phloem CC",0.1091800628605482,NA,NA,NA,NA,NA,NA,NA,NA,NA,NA,NA,NA,NA,NA,""
"CRO-01G030290","Idioblast",0.7314020897009624,NA,NA,NA,NA,NA,NA,NA,NA,NA,NA,NA,NA,NA,NA,""
"CRO-01G030300","Phloem CC",0.03335764244398772,NA,NA,NA,NA,NA,NA,NA,NA,NA,NA,NA,NA,NA,NA,""
"CRO-01G030330","Epidermis",0.2415770771695128,NA,NA,NA,NA,NA,NA,NA,NA,NA,NA,NA,NA,NA,NA,""
"CRO-01G030490","IPAP",1.5398852685766222,NA,NA,NA,NA,NA,NA,NA,NA,NA,NA,NA,NA,NA,NA,""
"CRO-01G030520","Epidermis",0.2000471057188353,NA,NA,NA,NA,NA,NA,NA,NA,NA,NA,NA,NA,NA,NA,""
"CRO-01G030540","IPAP",3.010786254705942,NA,NA,NA,NA,NA,NA,NA,NA,NA,NA,NA,NA,NA,NA,""
"CRO-01G030560","Phloem CC",0.17361225690513843,NA,NA,NA,NA,NA,NA,NA,NA,NA,NA,NA,NA,NA,NA,""
"CRO-01G030570","Idioblast",1.2193201071835336,NA,NA,NA,NA,NA,NA,NA,NA,NA,NA,NA,NA,NA,NA,""
"CRO-01G030620","Epidermis",0.03951703462897611,NA,NA,NA,NA,NA,NA,NA,NA,NA,NA,NA,NA,NA,NA,""
"CRO-01G030660","Epidermis",0.33705998359327977,NA,NA,NA,NA,NA,NA,NA,NA,NA,NA,NA,NA,NA,NA,""
"CRO-01G030870","IPAP",0.0788575708561546,NA,NA,NA,NA,NA,NA,NA,NA,NA,NA,NA,NA,NA,NA,""
"CRO-01G031150","Epidermis",0.5336424026401783,NA,NA,NA,NA,NA,NA,NA,NA,NA,NA,NA,NA,NA,NA,""
"CRO-01G031240","Epidermis",0.11115496187052036,NA,NA,NA,NA,NA,NA,NA,NA,NA,NA,NA,NA,NA,NA,""
"CRO-01G031710","Epidermis",0.19371548948506387,NA,NA,NA,NA,NA,NA,NA,NA,NA,NA,NA,NA,NA,NA,""
"CRO-01G032060","Epidermis",0.2026010321548522,NA,NA,NA,NA,NA,NA,NA,NA,NA,NA,NA,NA,NA,NA,""
"CRO-01G032230","Vasculature",0.11442750515423114,NA,NA,NA,NA,NA,NA,NA,NA,NA,NA,NA,NA,NA,NA,""
"CRO-01G032260","Epidermis",1.1104309896702247,NA,NA,NA,NA,NA,NA,NA,NA,NA,NA,NA,NA,NA,NA,""
"CRO-01G032400","Phloem CC",0.14755500814957861,"Chr1",76817167,76820326,"mRNA","Chr1",76817506,76820232,"+","CRO_T116107","CRO_01G032400","HYS","",24,"Alkaloid","known genes"
"CRO-01G033160","Epidermis",0.7481151622526201,NA,NA,NA,NA,NA,NA,NA,NA,NA,NA,NA,NA,NA,NA,""
"CRO-01G033220","Phloem CC",0.8949571781453922,NA,NA,NA,NA,NA,NA,NA,NA,NA,NA,NA,NA,NA,NA,""
"CRO-01G033300","Phloem CC",0.2406373431652296,NA,NA,NA,NA,NA,NA,NA,NA,NA,NA,NA,NA,NA,NA,""
"CRO-02G000180","Idioblast",0.3759554591181062,NA,NA,NA,NA,NA,NA,NA,NA,NA,NA,NA,NA,NA,NA,""
"CRO-02G000210","Epidermis",0.3846859023479128,NA,NA,NA,NA,NA,NA,NA,NA,NA,NA,NA,NA,NA,NA,""
"CRO-02G000230","Epidermis",0.875101735880576,NA,NA,NA,NA,NA,NA,NA,NA,NA,NA,NA,NA,NA,NA,""
"CRO-02G000620","Phloem CC",0.21136475220844658,NA,NA,NA,NA,NA,NA,NA,NA,NA,NA,NA,NA,NA,NA,""
"CRO-02G000810","IPAP",0.5792813777312644,NA,NA,NA,NA,NA,NA,NA,NA,NA,NA,NA,NA,NA,NA,""
"CRO-02G000920","Idioblast",3.16822318138137,NA,NA,NA,NA,NA,NA,NA,NA,NA,NA,NA,NA,NA,NA,""
"CRO-02G000960","IPAP",0.08355393451356083,NA,NA,NA,NA,NA,NA,NA,NA,NA,NA,NA,NA,NA,NA,""
"CRO-02G001090","Idioblast",4.289581458452137,"Chr2",1605798,1607603,"mRNA","Chr2",1605943,1607262,"+","CRO_T120021","CRO_02G001090","DAT","HXXXD-type acyl-transferase family protein",39,"Late Alkaloid","known genes"
"CRO-02G002300","Phloem CC",0.6583852232674162,NA,NA,NA,NA,NA,NA,NA,NA,NA,NA,NA,NA,NA,NA,""
"CRO-02G002310","Phloem CC",0.6382043944308594,NA,NA,NA,NA,NA,NA,NA,NA,NA,NA,NA,NA,NA,NA,""
"CRO-02G002580","Idioblast",1.7494305824947838,NA,NA,NA,NA,NA,NA,NA,NA,NA,NA,NA,NA,NA,NA,""
"CRO-02G002610","Phloem CC",0.3716824855540311,NA,NA,NA,NA,NA,NA,NA,NA,NA,NA,NA,NA,NA,NA,""
"CRO-02G002960","Epidermis",0.4884591122871072,NA,NA,NA,NA,NA,NA,NA,NA,NA,NA,NA,NA,NA,NA,""
"CRO-02G003890","IPAP",1.593042476464628,NA,NA,NA,NA,NA,NA,NA,NA,NA,NA,NA,NA,NA,NA,""
"CRO-02G004380","Epidermis",0.7416188266657389,NA,NA,NA,NA,NA,NA,NA,NA,NA,NA,NA,NA,NA,NA,""
"CRO-02G005050","Epidermis",0.4938565841334329,NA,NA,NA,NA,NA,NA,NA,NA,NA,NA,NA,NA,NA,NA,""
"CRO-02G005470","IPAP",1.121072263488235,"Chr2",8870224,8876373,"mRNA","Chr2",8870234,8876254,"-","CRO_T136385","CRO_02G005470","DXS","Deoxyxylulose-5-phosphate synthase",1,"MEP","known genes"
"CRO-02G005520","Idioblast",3.4864771352544204,NA,NA,NA,NA,NA,NA,NA,NA,NA,NA,NA,NA,NA,NA,""
"CRO-02G005560","Mesophyll",0.015642297420609935,NA,NA,NA,NA,NA,NA,NA,NA,NA,NA,NA,NA,NA,NA,""
"CRO-02G006330","Epidermis",1.3996941925118336,NA,NA,NA,NA,NA,NA,NA,NA,NA,NA,NA,NA,NA,NA,""
"CRO-02G007260","Idioblast",0.3504767763734299,NA,NA,NA,NA,NA,NA,NA,NA,NA,NA,NA,NA,NA,NA,""
"CRO-02G008440","Epidermis",0.21843576889414607,NA,NA,NA,NA,NA,NA,NA,NA,NA,NA,NA,NA,NA,NA,""
"CRO-02G010700","Epidermis",0.38961957512184137,NA,NA,NA,NA,NA,NA,NA,NA,NA,NA,NA,NA,NA,NA,""
"CRO-02G011880","Idioblast",0.7757132137732121,NA,NA,NA,NA,NA,NA,NA,NA,NA,NA,NA,NA,NA,NA,""
"CRO-02G011920","Phloem CC",0.21266956577999,NA,NA,NA,NA,NA,NA,NA,NA,NA,NA,NA,NA,NA,NA,""
"CRO-02G012840","Epidermis",0.08569463580650684,NA,NA,NA,NA,NA,NA,NA,NA,NA,NA,NA,NA,NA,NA,""
"CRO-02G013920","Idioblast",0.8990910937715669,NA,NA,NA,NA,NA,NA,NA,NA,NA,NA,NA,NA,NA,NA,""
"CRO-02G014720","Idioblast",0.19026616478388825,NA,NA,NA,NA,NA,NA,NA,NA,NA,NA,NA,NA,NA,NA,""
"CRO-02G015130","Idioblast",0.05649553313266371,NA,NA,NA,NA,NA,NA,NA,NA,NA,NA,NA,NA,NA,NA,""
"CRO-02G016670","Idioblast",3.8449820727143034,NA,NA,NA,NA,NA,NA,NA,NA,NA,NA,NA,NA,NA,NA,""
"CRO-02G016720","Idioblast",1.9077321958237883,NA,NA,NA,NA,NA,NA,NA,NA,NA,NA,NA,NA,NA,NA,""
"CRO-02G016760","Idioblast",0.9723019244360718,NA,NA,NA,NA,NA,NA,NA,NA,NA,NA,NA,NA,NA,NA,""
"CRO-02G016790","Epidermis",0.20039318464116387,NA,NA,NA,NA,NA,NA,NA,NA,NA,NA,NA,NA,NA,NA,""
"CRO-02G018160","Epidermis",0.13193710464885852,NA,NA,NA,NA,NA,NA,NA,NA,NA,NA,NA,NA,NA,NA,""
"CRO-02G018360","Idioblast",0.04059132601415257,NA,NA,NA,NA,NA,NA,NA,NA,NA,NA,NA,NA,NA,NA,""
"CRO-02G018640","Epidermis",0.5481522079732843,NA,NA,NA,NA,NA,NA,NA,NA,NA,NA,NA,NA,NA,NA,""
"CRO-02G018880","Epidermis",0.08231734688943942,NA,NA,NA,NA,NA,NA,NA,NA,NA,NA,NA,NA,NA,NA,""
"CRO-02G019950","Idioblast",0.20872712762699744,NA,NA,NA,NA,NA,NA,NA,NA,NA,NA,NA,NA,NA,NA,""
"CRO-02G019960","IPAP",1.195517833467224,NA,NA,NA,NA,NA,NA,NA,NA,NA,NA,NA,NA,NA,NA,""
"CRO-02G020220","Epidermis",0.1465490306309994,NA,NA,NA,NA,NA,NA,NA,NA,NA,NA,NA,NA,NA,NA,""
"CRO-02G020830","Idioblast",1.9414339757083532,NA,NA,NA,NA,NA,NA,NA,NA,NA,NA,NA,NA,NA,NA,""
"CRO-02G021150","Idioblast",0.4690040836208546,NA,NA,NA,NA,NA,NA,NA,NA,NA,NA,NA,NA,NA,NA,""
"CRO-02G021920","Phloem CC",0.10673473115737653,NA,NA,NA,NA,NA,NA,NA,NA,NA,NA,NA,NA,NA,NA,""
"CRO-02G022910","Idioblast",1.028540666188628,NA,NA,NA,NA,NA,NA,NA,NA,NA,NA,NA,NA,NA,NA,""
"CRO-02G023440","Vasculature",0.0054608268485657465,NA,NA,NA,NA,NA,NA,NA,NA,NA,NA,NA,NA,NA,NA,""
"CRO-02G023750","Guard cells",0.055924752677492334,NA,NA,NA,NA,NA,NA,NA,NA,NA,NA,NA,NA,NA,NA,""
"CRO-02G025030","Epidermis",0.2882225520395012,NA,NA,NA,NA,NA,NA,NA,NA,NA,NA,NA,NA,NA,NA,""
"CRO-02G025060","Phloem CC",0.41051362123950325,NA,NA,NA,NA,NA,NA,NA,NA,NA,NA,NA,NA,NA,NA,""
"CRO-02G025780","Epidermis",0.5262380952377579,NA,NA,NA,NA,NA,NA,NA,NA,NA,NA,NA,NA,NA,NA,""
"CRO-02G025790","Idioblast",3.096413567291425,NA,NA,NA,NA,NA,NA,NA,NA,NA,NA,NA,NA,NA,NA,""
"CRO-02G026670","Epidermis",0.5894167773177625,NA,NA,NA,NA,NA,NA,NA,NA,NA,NA,NA,NA,NA,NA,""
"CRO-02G028240","Phloem CC",0.5217100290836565,NA,NA,NA,NA,NA,NA,NA,NA,NA,NA,NA,NA,NA,NA,""
"CRO-02G028270","Phloem CC",0.07541539466895372,NA,NA,NA,NA,NA,NA,NA,NA,NA,NA,NA,NA,NA,NA,""
"CRO-02G028550","Idioblast",0.5466750545173514,NA,NA,NA,NA,NA,NA,NA,NA,NA,NA,NA,NA,NA,NA,""
"CRO-02G029040","Idioblast",0.22134209387756348,NA,NA,NA,NA,NA,NA,NA,NA,NA,NA,NA,NA,NA,NA,""
"CRO-02G029050","Epidermis",1.2370684985392855,NA,NA,NA,NA,NA,NA,NA,NA,NA,NA,NA,NA,NA,NA,""
"CRO-02G029250","Phloem CC",0.46827885478202047,NA,NA,NA,NA,NA,NA,NA,NA,NA,NA,NA,NA,NA,NA,""
"CRO-02G029620","Idioblast",3.8159497183374214,NA,NA,NA,NA,NA,NA,NA,NA,NA,NA,NA,NA,NA,NA,""
"CRO-02G029900","Epidermis",0.39758226346557624,NA,NA,NA,NA,NA,NA,NA,NA,NA,NA,NA,NA,NA,NA,""
"CRO-02G029910","Vasculature",0.08828708209103833,NA,NA,NA,NA,NA,NA,NA,NA,NA,NA,NA,NA,NA,NA,""
"CRO-03G000120","Idioblast",2.2686991468838573,NA,NA,NA,NA,NA,NA,NA,NA,NA,NA,NA,NA,NA,NA,""
"CRO-03G000490","Epidermis",0.32394004238388224,NA,NA,NA,NA,NA,NA,NA,NA,NA,NA,NA,NA,NA,NA,""
"CRO-03G000880","Epidermis",0.689200870732308,NA,NA,NA,NA,NA,NA,NA,NA,NA,NA,NA,NA,NA,NA,""
"CRO-03G002560","Phloem CC",0.6870863512902458,NA,NA,NA,NA,NA,NA,NA,NA,NA,NA,NA,NA,NA,NA,""
"CRO-03G003150","Idioblast",1.2480809542844455,"Chr3",3757109,3762586,"mRNA","Chr3",3761117,3762520,"-","CRO_T111273","CRO_03G003150","NMT","gamma-tocopherol methyltransferase",37,"Late Alkaloid","known genes"
"CRO-03G003340","Epidermis",0.2226957837182701,NA,NA,NA,NA,NA,NA,NA,NA,NA,NA,NA,NA,NA,NA,""
"CRO-03G003370","Epidermis",0.5661947328207563,NA,NA,NA,NA,NA,NA,NA,NA,NA,NA,NA,NA,NA,NA,""
"CRO-03G003540","Idioblast",2.368053218778153,"Chr3",4216807,4219441,"mRNA","Chr3",4217156,4225015,"-","CRO_T111318","CRO_03G003540/CRO_03G003550","SS","Serpentine Synthase",NA,"Alkaloid","known genes"
"CRO-03G003560","Epidermis",0.8195787913552542,"Chr3",4238124,4248095,"mRNA","Chr3",4240485,4248047,"+","CRO_T128799","CRO_03G003560","SDG1","Glycosyl hydrolase superfamily protein",23,"Alkaloid","known genes"
"CRO-03G003570","Epidermis",0.4069974069038161,"Chr3",4292518,4302271,"mRNA","Chr3",4297272,4302781,"+","CRO_T111320","CRO_03G003570","SDG2","beta glucosidase",24,"Alkaloid","known genes"
"CRO-03G003720","Phloem CC",0.5776139658566918,NA,NA,NA,NA,NA,NA,NA,NA,NA,NA,NA,NA,NA,NA,""
"CRO-03G003800","Epidermis",1.5348960512530663,"Chr3",4645629,4647016,"mRNA","Chr3",4645676,4646668,"+","CRO_T139139","CRO_03G003800","CS","alpha/beta-Hydrolases superfamily protein",31,"Alkaloid","known genes"
"CRO-03G003880","Epidermis",0.5809443588375128,NA,NA,NA,NA,NA,NA,NA,NA,NA,NA,NA,NA,NA,NA,""
"CRO-03G004950","IPAP",2.7892233728530647,"Chr3",6526121,6528131,"mRNA","Chr3",6526176,6527851,"+","CRO_T138994","CRO_03G004950","IO","cytochrome P450, family 76, subfamily G, polypeptide",14,"Iridoid","known genes"
"CRO-03G005010","Phloem CC",0.5569536875216035,NA,NA,NA,NA,NA,NA,NA,NA,NA,NA,NA,NA,NA,NA,""
"CRO-03G005030","Epidermis",0.4338754491570987,NA,NA,NA,NA,NA,NA,NA,NA,NA,NA,NA,NA,NA,NA,""
"CRO-03G005050","IPAP",0.7330424257036081,NA,NA,NA,NA,NA,NA,NA,NA,NA,NA,NA,NA,NA,NA,""
"CRO-03G005280","Epidermis",0.020488067112425085,NA,NA,NA,NA,NA,NA,NA,NA,NA,NA,NA,NA,NA,NA,""
"CRO-03G007300","Phloem CC",0.10919049939573286,NA,NA,NA,NA,NA,NA,NA,NA,NA,NA,NA,NA,NA,NA,""
"CRO-03G007470","Epidermis",0.9729972201013745,NA,NA,NA,NA,NA,NA,NA,NA,NA,NA,NA,NA,NA,NA,""
"CRO-03G009210","Idioblast",0.9806805421196971,NA,NA,NA,NA,NA,NA,NA,NA,NA,NA,NA,NA,NA,NA,""
"CRO-03G009710","Epidermis",0.2853497096167665,NA,NA,NA,NA,NA,NA,NA,NA,NA,NA,NA,NA,NA,NA,""
"CRO-03G010300","Idioblast",0.533161225590108,NA,NA,NA,NA,NA,NA,NA,NA,NA,NA,NA,NA,NA,NA,""
"CRO-03G010740","Phloem CC",0.18407394652779518,NA,NA,NA,NA,NA,NA,NA,NA,NA,NA,NA,NA,NA,NA,""
"CRO-03G010760","Idioblast",0.8965617275740585,NA,NA,NA,NA,NA,NA,NA,NA,NA,NA,NA,NA,NA,NA,""
"CRO-03G010790","Epidermis",0.912481682005889,NA,NA,NA,NA,NA,NA,NA,NA,NA,NA,NA,NA,NA,NA,""
"CRO-03G011320","Idioblast",2.029694560879515,NA,NA,NA,NA,NA,NA,NA,NA,NA,NA,NA,NA,NA,NA,""
"CRO-03G011370","Idioblast",2.1674686592572052,NA,NA,NA,NA,NA,NA,NA,NA,NA,NA,NA,NA,NA,NA,""
"CRO-03G011520","Idioblast",0.19479859572550617,NA,NA,NA,NA,NA,NA,NA,NA,NA,NA,NA,NA,NA,NA,""
"CRO-03G011930","Phloem CC",0.10299309778468915,NA,NA,NA,NA,NA,NA,NA,NA,NA,NA,NA,NA,NA,NA,""
"CRO-03G012410","Idioblast",0.2625606187212039,NA,NA,NA,NA,NA,NA,NA,NA,NA,NA,NA,NA,NA,NA,""
"CRO-03G012910","Epidermis",1.428032204415206,NA,NA,NA,NA,NA,NA,NA,NA,NA,NA,NA,NA,NA,NA,""
"CRO-03G012920","Epidermis",0.29602900420721623,NA,NA,NA,NA,NA,NA,NA,NA,NA,NA,NA,NA,NA,NA,""
"CRO-03G013090","Phloem CC",0.39223581006738256,NA,NA,NA,NA,NA,NA,NA,NA,NA,NA,NA,NA,NA,NA,""
"CRO-03G013290","Epidermis",0.6209042897943554,NA,NA,NA,NA,NA,NA,NA,NA,NA,NA,NA,NA,NA,NA,""
"CRO-03G013540","Epidermis",0.2691529705491145,NA,NA,NA,NA,NA,NA,NA,NA,NA,NA,NA,NA,NA,NA,""
"CRO-03G014580","Epidermis",0.22248124898212865,NA,NA,NA,NA,NA,NA,NA,NA,NA,NA,NA,NA,NA,NA,""
"CRO-03G015100","Epidermis",0.11067611472480011,NA,NA,NA,NA,NA,NA,NA,NA,NA,NA,NA,NA,NA,NA,""
"CRO-03G016950","Idioblast",2.112202951123073,NA,NA,NA,NA,NA,NA,NA,NA,NA,NA,NA,NA,NA,NA,""
"CRO-03G017440","Guard cells",0.06753824930730494,NA,NA,NA,NA,NA,NA,NA,NA,NA,NA,NA,NA,NA,NA,""
"CRO-03G017610","IPAP",0.15345590083045502,NA,NA,NA,NA,NA,NA,NA,NA,NA,NA,NA,NA,NA,NA,""
"CRO-03G017740","Idioblast",0.027088286879604864,NA,NA,NA,NA,NA,NA,NA,NA,NA,NA,NA,NA,NA,NA,""
"CRO-03G017900","Epidermis",0.14639395334195315,NA,NA,NA,NA,NA,NA,NA,NA,NA,NA,NA,NA,NA,NA,""
"CRO-03G017950","Epidermis",0.49859321654315,NA,NA,NA,NA,NA,NA,NA,NA,NA,NA,NA,NA,NA,NA,""
"CRO-03G018360","IPAP",1.7462037590896304,"Chr3",51553563,51556569,"mRNA","Chr3",51553372,51556477,"-","CRO_T106494","CRO_03G018360","7DLH","cytochrome P450, family 72, subfamily A, polypeptide",16,"Iridoid","known genes"
"CRO-03G018710","Idioblast",0.23166571342762665,NA,NA,NA,NA,NA,NA,NA,NA,NA,NA,NA,NA,NA,NA,""
"CRO-03G019000","Epidermis",0.7363020912704638,NA,NA,NA,NA,NA,NA,NA,NA,NA,NA,NA,NA,NA,NA,""
"CRO-03G019430","Epidermis",0.9208774020468293,"Chr3",54209120,54212389,"mRNA","Chr3",54209161,54212360,"+","CRO_T103723","CRO_03G019430","LAMT","S-adenosyl-L-methionine-dependent methyltransferases superfamily protein",17,"Alkaloid","known genes"
"CRO-03G019510","Phloem CC",0.1163017621476696,NA,NA,NA,NA,NA,NA,NA,NA,NA,NA,NA,NA,NA,NA,""
"CRO-03G019710","Idioblast",2.3827185065126053,NA,NA,NA,NA,NA,NA,NA,NA,NA,NA,NA,NA,NA,NA,""
"CRO-03G019870","Epidermis",1.458352431188217,NA,NA,NA,NA,NA,NA,NA,NA,NA,NA,NA,NA,NA,NA,""
"CRO-03G019910","Epidermis",0.7649913568406596,NA,NA,NA,NA,NA,NA,NA,NA,NA,NA,NA,NA,NA,NA,""
"CRO-03G020500","Phloem CC",0.5721425076693372,NA,NA,NA,NA,NA,NA,NA,NA,NA,NA,NA,NA,NA,NA,""
"CRO-03G020840","Idioblast",0.06942382787416432,NA,NA,NA,NA,NA,NA,NA,NA,NA,NA,NA,NA,NA,NA,""
"CRO-03G021090","Epidermis",0.18051581531434685,NA,NA,NA,NA,NA,NA,NA,NA,NA,NA,NA,NA,NA,NA,""
"CRO-03G021490","Epidermis",0.01971735207183354,NA,NA,NA,NA,NA,NA,NA,NA,NA,NA,NA,NA,NA,NA,""
"CRO-03G021610","Idioblast",3.069474185865642,NA,NA,NA,NA,NA,NA,NA,NA,NA,NA,NA,NA,NA,NA,""
"CRO-03G022230","Epidermis",1.3779103631859788,NA,NA,NA,NA,NA,NA,NA,NA,NA,NA,NA,NA,NA,NA,""
"CRO-03G022780","Phloem CC",0.21911241810566479,NA,NA,NA,NA,NA,NA,NA,NA,NA,NA,NA,NA,NA,NA,""
"CRO-03G023260","Idioblast",0.6701602563182522,NA,NA,NA,NA,NA,NA,NA,NA,NA,NA,NA,NA,NA,NA,""
"CRO-03G023380","Epidermis",0.6094988698471725,NA,NA,NA,NA,NA,NA,NA,NA,NA,NA,NA,NA,NA,NA,""
"CRO-03G023790","Guard cells",0.041698090847274695,NA,NA,NA,NA,NA,NA,NA,NA,NA,NA,NA,NA,NA,NA,""
"CRO-03G024460","IPAP",0.9117116799302054,NA,NA,NA,NA,NA,NA,NA,NA,NA,NA,NA,NA,NA,NA,""
"CRO-03G025210","Epidermis",0.08291186151116813,NA,NA,NA,NA,NA,NA,NA,NA,NA,NA,NA,NA,NA,NA,""
"CRO-03G025260","Phloem CC",0.31567948160548964,NA,NA,NA,NA,NA,NA,NA,NA,NA,NA,NA,NA,NA,NA,""
"CRO-03G025290","Epidermis",0.3590400917276519,NA,NA,NA,NA,NA,NA,NA,NA,NA,NA,NA,NA,NA,NA,""
"CRO-03G025980","IPAP",1.1622616661221303,NA,NA,NA,NA,NA,NA,NA,NA,NA,NA,NA,NA,NA,NA,""
"CRO-03G026550","Epidermis",0.36444466549782684,NA,NA,NA,NA,NA,NA,NA,NA,NA,NA,NA,NA,NA,NA,""
"CRO-03G026600","IPAP",0.1828643703052661,NA,NA,NA,NA,NA,NA,NA,NA,NA,NA,NA,NA,NA,NA,""
"CRO-03G027430","Idioblast",0.2898740285361388,NA,NA,NA,NA,NA,NA,NA,NA,NA,NA,NA,NA,NA,NA,""
"CRO-03G028000","Idioblast",0.23737453236544148,NA,NA,NA,NA,NA,NA,NA,NA,NA,NA,NA,NA,NA,NA,""
"CRO-03G028180","Epidermis",1.0622706782343596,NA,NA,NA,NA,NA,NA,NA,NA,NA,NA,NA,NA,NA,NA,""
"CRO-03G028320","IPAP",1.7510380536950974,"Chr3",68469248,68472525,"mRNA","Chr3",68469314,68472256,"+","CRO_T110793","CRO_03G028320","HDR","4-hydroxy-3-methylbut-2-enyl diphosphate reductase",7,"MEP","known genes"
"CRO-03G028570","Phloem CC",0.9090295949918381,NA,NA,NA,NA,NA,NA,NA,NA,NA,NA,NA,NA,NA,NA,""
"CRO-03G028590","Phloem CC",1.878045425065193,NA,NA,NA,NA,NA,NA,NA,NA,NA,NA,NA,NA,NA,NA,""
"CRO-03G028930","Idioblast",1.0271852066080442,NA,NA,NA,NA,NA,NA,NA,NA,NA,NA,NA,NA,NA,NA,""
"CRO-03G029080","Mesophyll",0.07557535112834617,NA,NA,NA,NA,NA,NA,NA,NA,NA,NA,NA,NA,NA,NA,""
"CRO-03G029230","Epidermis",0.35034183031367827,NA,NA,NA,NA,NA,NA,NA,NA,NA,NA,NA,NA,NA,NA,""
"CRO-03G029990","Idioblast",0.8595093723523116,NA,NA,NA,NA,NA,NA,NA,NA,NA,NA,NA,NA,NA,NA,""
"CRO-03G030550","Idioblast",1.560376786290133,NA,NA,NA,NA,NA,NA,NA,NA,NA,NA,NA,NA,NA,NA,""
"CRO-03G030600","Epidermis",0.21616734581425492,"Chr3",69980350,69982908,"mRNA","Chr3",69980470,69982789,"-","CRO_T110598","CRO_03G030600","T16H2","cytochrome P450, family 71, subfamily B, polypeptide",33,"Alkaloid","known genes"
"CRO-03G030620","Epidermis",0.8935448827409883,"Chr3",69995710,69997731,"mRNA","Chr3",69995704,69997603,"-","CRO_T110596","CRO_03G030620","16OMT","O-methyltransferase family protein",34,"Alkaloid","known genes"
"CRO-03G030660","Epidermis",0.6720995171834736,NA,NA,NA,NA,NA,NA,NA,NA,NA,NA,NA,NA,NA,NA,""
"CRO-03G030850","Idioblast",1.4736571784185546,NA,NA,NA,NA,NA,NA,NA,NA,NA,NA,NA,NA,NA,NA,""
"CRO-03G031140","Phloem CC",0.38000219328885615,NA,NA,NA,NA,NA,NA,NA,NA,NA,NA,NA,NA,NA,NA,""
"CRO-03G031560","IPAP",2.8906256833657564,"Chr3",70762775,70768219,"mRNA","Chr3",70762911,70768155,"-","CRO_T119458","CRO_03G031560","GES","terpene synthase",10,"Iridoid","known genes"
"CRO-03G031710","Idioblast",3.8912038103723243,NA,NA,NA,NA,NA,NA,NA,NA,NA,NA,NA,NA,NA,NA,""
"CRO-03G032130","Idioblast",1.2510841316936618,NA,NA,NA,NA,NA,NA,NA,NA,NA,NA,NA,NA,NA,NA,""
"CRO-03G032170","IPAP",0.6573283809275668,NA,NA,NA,NA,NA,NA,NA,NA,NA,NA,NA,NA,NA,NA,""
"CRO-03G032330","Epidermis",0.11883871725219206,"Chr3",71668285,71672478,"mRNA","Chr3",71668329,71672111,"+","CRO_T125329","CRO_03G032330","STR","strictosidine synthase",21,"Alkaloid","known genes"
"CRO-03G032340","Epidermis",1.0953764629268927,"Chr3",71677828,71679666,"mRNA","Chr3",71678061,71679563,"-","CRO_T125328","CRO_03G032340","TDC","Pyridoxal phosphate (PLP)-dependent transferases superfamily protein",20,"Alkaloid","known genes"
"CRO-03G032840","Phloem CC",0.41039522892766533,NA,NA,NA,NA,NA,NA,NA,NA,NA,NA,NA,NA,NA,NA,""
"CRO-03G032860","Epidermis",1.492555869378429,NA,NA,NA,NA,NA,NA,NA,NA,NA,NA,NA,NA,NA,NA,""
"CRO-04G000460","Idioblast",1.363000253373979,NA,NA,NA,NA,NA,NA,NA,NA,NA,NA,NA,NA,NA,NA,""
"CRO-04G000920","Idioblast",0.6183427180822758,NA,NA,NA,NA,NA,NA,NA,NA,NA,NA,NA,NA,NA,NA,""
"CRO-04G001030","Phloem CC",0.39552334114357157,NA,NA,NA,NA,NA,NA,NA,NA,NA,NA,NA,NA,NA,NA,""
"CRO-04G001260","Idioblast",0.05847368274123291,NA,NA,NA,NA,NA,NA,NA,NA,NA,NA,NA,NA,NA,NA,""
"CRO-04G001480","IPAP",0.13039076991032417,NA,NA,NA,NA,NA,NA,NA,NA,NA,NA,NA,NA,NA,NA,""
"CRO-04G001500","Vasculature",0.05164893952245062,NA,NA,NA,NA,NA,NA,NA,NA,NA,NA,NA,NA,NA,NA,""
"CRO-04G003000","Epidermis",0.6967839298109977,NA,NA,NA,NA,NA,NA,NA,NA,NA,NA,NA,NA,NA,NA,""
"CRO-04G003380","Idioblast",0.18737682253560958,NA,NA,NA,NA,NA,NA,NA,NA,NA,NA,NA,NA,NA,NA,""
"CRO-04G003390","Epidermis",0.20862630383681624,NA,NA,NA,NA,NA,NA,NA,NA,NA,NA,NA,NA,NA,NA,""
"CRO-04G003490","Phloem CC",0.2043563606625885,NA,NA,NA,NA,NA,NA,NA,NA,NA,NA,NA,NA,NA,NA,""
"CRO-04G003650","Epidermis",0.6027671751934417,NA,NA,NA,NA,NA,NA,NA,NA,NA,NA,NA,NA,NA,NA,""
"CRO-04G003990","Idioblast",0.3291526687767723,NA,NA,NA,NA,NA,NA,NA,NA,NA,NA,NA,NA,NA,NA,""
"CRO-04G004180","Vasculature",0.1672907714732913,NA,NA,NA,NA,NA,NA,NA,NA,NA,NA,NA,NA,NA,NA,""
"CRO-04G004580","Epidermis",1.3670272054411492,NA,NA,NA,NA,NA,NA,NA,NA,NA,NA,NA,NA,NA,NA,""
"CRO-04G004640","Epidermis",0.8097208561257443,NA,NA,NA,NA,NA,NA,NA,NA,NA,NA,NA,NA,NA,NA,""
"CRO-04G005040","Epidermis",0.9844027137889654,NA,NA,NA,NA,NA,NA,NA,NA,NA,NA,NA,NA,NA,NA,""
"CRO-04G006190","Phloem CC",0.44921197099045773,NA,NA,NA,NA,NA,NA,NA,NA,NA,NA,NA,NA,NA,NA,""
"CRO-04G006670","Idioblast",0.3453893661954661,NA,NA,NA,NA,NA,NA,NA,NA,NA,NA,NA,NA,NA,NA,""
"CRO-04G007340","Idioblast",2.4783428366103877,NA,NA,NA,NA,NA,NA,NA,NA,NA,NA,NA,NA,NA,NA,""
"CRO-04G007820","Phloem CC",0.3503025362608269,NA,NA,NA,NA,NA,NA,NA,NA,NA,NA,NA,NA,NA,NA,""
"CRO-04G009330","Phloem CC",0.546800966220393,NA,NA,NA,NA,NA,NA,NA,NA,NA,NA,NA,NA,NA,NA,""
"CRO-04G009870","Phloem CC",0.5693886417890295,NA,NA,NA,NA,NA,NA,NA,NA,NA,NA,NA,NA,NA,NA,""
"CRO-04G010140","Epidermis",0.7906023522397448,NA,NA,NA,NA,NA,NA,NA,NA,NA,NA,NA,NA,NA,NA,""
"CRO-04G011160","Phloem CC",0.12078875302582447,NA,NA,NA,NA,NA,NA,NA,NA,NA,NA,NA,NA,NA,NA,""
"CRO-04G011370","Idioblast",1.7382080867812848,NA,NA,NA,NA,NA,NA,NA,NA,NA,NA,NA,NA,NA,NA,""
"CRO-04G011630","Idioblast",0.9467107467880398,NA,NA,NA,NA,NA,NA,NA,NA,NA,NA,NA,NA,NA,NA,""
"CRO-04G011640","Epidermis",0.12266032848014774,NA,NA,NA,NA,NA,NA,NA,NA,NA,NA,NA,NA,NA,NA,""
"CRO-04G012380","Epidermis",0.11793909421456211,NA,NA,NA,NA,NA,NA,NA,NA,NA,NA,NA,NA,NA,NA,""
"CRO-04G013510","Epidermis",1.0008171586301857,"Chr4",24039159,24042147,"mRNA","Chr4",24039174,24042136,"-","CRO_T109448","CRO_04G013510","SLS1","cytochrome P450, family 72, subfamily A, polypeptide",18,"Alkaloid","known genes"
"CRO-04G013530","Epidermis",1.1512680882998965,NA,NA,NA,NA,NA,NA,NA,NA,NA,NA,NA,NA,NA,NA,""
"CRO-04G013580","Epidermis",1.263801035242315,NA,NA,NA,NA,NA,NA,NA,NA,NA,NA,NA,NA,NA,NA,""
"CRO-04G013960","Epidermis",0.187107271917747,NA,NA,NA,NA,NA,NA,NA,NA,NA,NA,NA,NA,NA,NA,""
"CRO-04G014480","Epidermis",0.11705391686570125,NA,NA,NA,NA,NA,NA,NA,NA,NA,NA,NA,NA,NA,NA,""
"CRO-04G015710","Epidermis",0.37808915396354964,NA,NA,NA,NA,NA,NA,NA,NA,NA,NA,NA,NA,NA,NA,""
"CRO-04G016070","Phloem CC",0.6910972817722856,NA,NA,NA,NA,NA,NA,NA,NA,NA,NA,NA,NA,NA,NA,""
"CRO-04G017730","Idioblast",0.5277672801902867,NA,NA,NA,NA,NA,NA,NA,NA,NA,NA,NA,NA,NA,NA,""
"CRO-04G017800","Idioblast",0.3752624908934163,NA,NA,NA,NA,NA,NA,NA,NA,NA,NA,NA,NA,NA,NA,""
"CRO-04G019170","Idioblast",1.2531564961462196,NA,NA,NA,NA,NA,NA,NA,NA,NA,NA,NA,NA,NA,NA,""
"CRO-04G019240","Idioblast",1.3636288132973813,NA,NA,NA,NA,NA,NA,NA,NA,NA,NA,NA,NA,NA,NA,""
"CRO-04G020370","IPAP",0.6815769655542028,NA,NA,NA,NA,NA,NA,NA,NA,NA,NA,NA,NA,NA,NA,""
"CRO-04G022580","Phloem CC",0.4411964762578345,NA,NA,NA,NA,NA,NA,NA,NA,NA,NA,NA,NA,NA,NA,""
"CRO-04G023010","Vasculature",0.3042314979968897,NA,NA,NA,NA,NA,NA,NA,NA,NA,NA,NA,NA,NA,NA,""
"CRO-04G023070","Epidermis",1.1545221521132825,NA,NA,NA,NA,NA,NA,NA,NA,NA,NA,NA,NA,NA,NA,""
"CRO-04G023680","Epidermis",0.2821171134120817,NA,NA,NA,NA,NA,NA,NA,NA,NA,NA,NA,NA,NA,NA,""
"CRO-04G024660","IPAP",2.035051054082893,"Chr4",59027167,59032457,"mRNA","Chr4",59027180,59032222,"-","CRO_T102183","CRO_04G024660","DXR","1-deoxy-D-xylulose 5-phosphate reductoisomerase",2,"MEP","known genes"
"CRO-04G025460","IPAP",0.12712481417204755,NA,NA,NA,NA,NA,NA,NA,NA,NA,NA,NA,NA,NA,NA,""
"CRO-04G026600","Idioblast",1.0862152701282277,NA,NA,NA,NA,NA,NA,NA,NA,NA,NA,NA,NA,NA,NA,""
"CRO-04G026660","Vasculature",0.1444145877368123,NA,NA,NA,NA,NA,NA,NA,NA,NA,NA,NA,NA,NA,NA,""
"CRO-04G027070","Idioblast",0.2703911097580236,NA,NA,NA,NA,NA,NA,NA,NA,NA,NA,NA,NA,NA,NA,""
"CRO-04G027110","Idioblast",2.6625597880477647,NA,NA,NA,NA,NA,NA,NA,NA,NA,NA,NA,NA,NA,NA,""
"CRO-04G027150","Epidermis",0.2969739107720807,NA,NA,NA,NA,NA,NA,NA,NA,NA,NA,NA,NA,NA,NA,""
"CRO-04G027250","Epidermis",0.42737572079246866,NA,NA,NA,NA,NA,NA,NA,NA,NA,NA,NA,NA,NA,NA,""
"CRO-04G027410","Epidermis",1.0215680588567813,NA,NA,NA,NA,NA,NA,NA,NA,NA,NA,NA,NA,NA,NA,""
"CRO-04G027620","Idioblast",0.6414296646624241,NA,NA,NA,NA,NA,NA,NA,NA,NA,NA,NA,NA,NA,NA,""
"CRO-04G027770","Vasculature",0.01727351031918801,NA,NA,NA,NA,NA,NA,NA,NA,NA,NA,NA,NA,NA,NA,""
"CRO-04G027970","Idioblast",0.6282359533106914,NA,NA,NA,NA,NA,NA,NA,NA,NA,NA,NA,NA,NA,NA,""
"CRO-04G028630","Epidermis",0.7721668233658591,NA,NA,NA,NA,NA,NA,NA,NA,NA,NA,NA,NA,NA,NA,""
"CRO-04G029380","Idioblast",0.5384484124389934,NA,NA,NA,NA,NA,NA,NA,NA,NA,NA,NA,NA,NA,NA,""
"CRO-04G029840","Idioblast",1.3865186869440145,NA,NA,NA,NA,NA,NA,NA,NA,NA,NA,NA,NA,NA,NA,""
"CRO-04G030450","Epidermis",0.645850368871544,NA,NA,NA,NA,NA,NA,NA,NA,NA,NA,NA,NA,NA,NA,""
"CRO-04G030460","Epidermis",0.3852054499366042,NA,NA,NA,NA,NA,NA,NA,NA,NA,NA,NA,NA,NA,NA,""
"CRO-04G030550","Phloem CC",0.09747107350384322,NA,NA,NA,NA,NA,NA,NA,NA,NA,NA,NA,NA,NA,NA,""
"CRO-04G031660","Epidermis",0.3498796289616094,NA,NA,NA,NA,NA,NA,NA,NA,NA,NA,NA,NA,NA,NA,""
"CRO-04G031680","Phloem CC",0.24493083442328056,NA,NA,NA,NA,NA,NA,NA,NA,NA,NA,NA,NA,NA,NA,""
"CRO-04G032090","IPAP",0.808603250022958,"Chr4",67982251,67984041,"mRNA",NA,NA,NA,NA,NA,NA,"GPPS(LSU)",NA,9,"MEP","known genes"
"CRO-04G032540","Epidermis",1.015008578435341,NA,NA,NA,NA,NA,NA,NA,NA,NA,NA,NA,NA,NA,NA,""
"CRO-04G033370","Idioblast",2.127098739458961,NA,NA,NA,NA,NA,NA,NA,NA,NA,NA,NA,NA,NA,NA,""
"CRO-04G033400","Epidermis",0.12471758894103964,NA,NA,NA,NA,NA,NA,NA,NA,NA,NA,NA,NA,NA,NA,""
"CRO-04G033570","Epidermis",0.2130638526086357,NA,NA,NA,NA,NA,NA,NA,NA,NA,NA,NA,NA,NA,NA,""
"CRO-04G034030","Epidermis",0.8991759346560516,NA,NA,NA,NA,NA,NA,NA,NA,NA,NA,NA,NA,NA,NA,""
"CRO-04G034290","Guard cells",0.3820173680113399,NA,NA,NA,NA,NA,NA,NA,NA,NA,NA,NA,NA,NA,NA,""
"CRO-04G034410","Idioblast",0.3184766818664876,NA,NA,NA,NA,NA,NA,NA,NA,NA,NA,NA,NA,NA,NA,""
"CRO-04G034870","Idioblast",0.9557575087617105,NA,NA,NA,NA,NA,NA,NA,NA,NA,NA,NA,NA,NA,NA,""
"CRO-04G034880","Idioblast",0.3845786587662966,NA,NA,NA,NA,NA,NA,NA,NA,NA,NA,NA,NA,NA,NA,""
"CRO-05G000670","Epidermis",0.9008954975406113,NA,NA,NA,NA,NA,NA,NA,NA,NA,NA,NA,NA,NA,NA,""
"CRO-05G001560","Epidermis",1.0317648504690669,NA,NA,NA,NA,NA,NA,NA,NA,NA,NA,NA,NA,NA,NA,""
"CRO-05G002890","Epidermis",0.07939261369952479,NA,NA,NA,NA,NA,NA,NA,NA,NA,NA,NA,NA,NA,NA,""
"CRO-05G003030","Epidermis",0.15150139336263058,NA,NA,NA,NA,NA,NA,NA,NA,NA,NA,NA,NA,NA,NA,""
"CRO-05G003430","Idioblast",0.912513030494667,NA,NA,NA,NA,NA,NA,NA,NA,NA,NA,NA,NA,NA,NA,""
"CRO-05G004700","Epidermis",0.5625854926824473,NA,NA,NA,NA,NA,NA,NA,NA,NA,NA,NA,NA,NA,NA,""
"CRO-05G005230","Phloem CC",0.3216077119017853,NA,NA,NA,NA,NA,NA,NA,NA,NA,NA,NA,NA,NA,NA,""
"CRO-05G005590","Epidermis",0.29976499760624653,NA,NA,NA,NA,NA,NA,NA,NA,NA,NA,NA,NA,NA,NA,""
"CRO-05G005690","Epidermis",0.7007080248217096,NA,NA,NA,NA,NA,NA,NA,NA,NA,NA,NA,NA,NA,NA,""
"CRO-05G006800","Idioblast",1.3018464760798834,NA,NA,NA,NA,NA,NA,NA,NA,NA,NA,NA,NA,NA,NA,""
"CRO-05G007570","Phloem CC",0.3356922329378965,NA,NA,NA,NA,NA,NA,NA,NA,NA,NA,NA,NA,NA,NA,""
"CRO-05G008000","Epidermis",0.41727891804737627,NA,NA,NA,NA,NA,NA,NA,NA,NA,NA,NA,NA,NA,NA,""
"CRO-05G008140","Phloem CC",0.3651028746507632,NA,NA,NA,NA,NA,NA,NA,NA,NA,NA,NA,NA,NA,NA,""
"CRO-05G008250","Phloem CC",0.7585294072443706,NA,NA,NA,NA,NA,NA,NA,NA,NA,NA,NA,NA,NA,NA,""
"CRO-05G008380","Vasculature",0.12626581383735475,NA,NA,NA,NA,NA,NA,NA,NA,NA,NA,NA,NA,NA,NA,""
"CRO-05G008760","Epidermis",0.8911100894179793,"Chr5",11150554,11154711,"mRNA","Chr5",11150589,11154375,"+","CRO_T132421","CRO_05G008760","Redox2","NAD(P)-linked oxidoreductase superfamily protein",28,"Alkaloid","known genes"
"CRO-05G008860","Idioblast",1.0087885369202503,NA,NA,NA,NA,NA,NA,NA,NA,NA,NA,NA,NA,NA,NA,""
"CRO-05G010480","Epidermis",0.6789843336695511,NA,NA,NA,NA,NA,NA,NA,NA,NA,NA,NA,NA,NA,NA,""
"CRO-05G010490","Epidermis",0.5413181545227572,NA,NA,NA,NA,NA,NA,NA,NA,NA,NA,NA,NA,NA,NA,""
"CRO-05G010750","Epidermis",0.04059116441417376,NA,NA,NA,NA,NA,NA,NA,NA,NA,NA,NA,NA,NA,NA,""
"CRO-05G010990","Vasculature",0.05358942287567517,NA,NA,NA,NA,NA,NA,NA,NA,NA,NA,NA,NA,NA,NA,""
"CRO-05G011100","Epidermis",0.6225196483858986,NA,NA,NA,NA,NA,NA,NA,NA,NA,NA,NA,NA,NA,NA,""
"CRO-05G011710","IPAP",1.4855268920747178,"Chr5",19946831,19953254,"mRNA","Chr5",19946912,19958857,"-","CRO_T135862","CRO_05G011710","CMK","4-(cytidine 5'-phospho)-2-C-methyl-D-erithritol kinase",4,"MEP","known genes"
"CRO-05G011810","Idioblast",1.3832479954320318,NA,NA,NA,NA,NA,NA,NA,NA,NA,NA,NA,NA,NA,NA,""
"CRO-05G012390","Epidermis",0.6587168810587495,NA,NA,NA,NA,NA,NA,NA,NA,NA,NA,NA,NA,NA,NA,""
"CRO-05G012510","Phloem CC",0.36366844814294985,NA,NA,NA,NA,NA,NA,NA,NA,NA,NA,NA,NA,NA,NA,""
"CRO-05G014020","Idioblast",2.4255579353706103,NA,NA,NA,NA,NA,NA,NA,NA,NA,NA,NA,NA,NA,NA,""
"CRO-05G014340","Epidermis",0.7227624610004967,"Chr5",25731024,25733040,"mRNA","Chr5",25731028,25732967,"-","CRO_T127440","CRO_05G014340","GO","cytochrome P450, family 71, subfamily B, polypeptide",26,"Alkaloid","known genes"
"CRO-05G015060","Idioblast",1.541098143442514,NA,NA,NA,NA,NA,NA,NA,NA,NA,NA,NA,NA,NA,NA,""
"CRO-05G015740","Idioblast",3.9581653055332278,NA,NA,NA,NA,NA,NA,NA,NA,NA,NA,NA,NA,NA,NA,""
"CRO-05G015990","Epidermis",0.9953668836591529,"Chr5",28288397,28292427,"mRNA","Chr5",28288571,28292378,"-","CRO_T124298","CRO_05G015990","T3R","elicitor-activated gene 3-1",36,"Alkaloid","known genes"
"CRO-05G016510","Guard cells",0.004575817181897353,NA,NA,NA,NA,NA,NA,NA,NA,NA,NA,NA,NA,NA,NA,""
"CRO-05G016650","Epidermis",0.3896524421542896,NA,NA,NA,NA,NA,NA,NA,NA,NA,NA,NA,NA,NA,NA,""
"CRO-05G017150","Epidermis",0.8231528255314938,"Chr5",33046579,33050289,"mRNA","Chr5",33048389,33050270,"+","CRO_T129272","CRO_05G017150","Redox1","cinnamyl alcohol dehydrogenase",27,"Alkaloid","known genes"
"CRO-05G017220","Epidermis",0.10008287165763922,NA,NA,NA,NA,NA,NA,NA,NA,NA,NA,NA,NA,NA,NA,""
"CRO-05G017270","Epidermis",0.14561667466971848,NA,NA,NA,NA,NA,NA,NA,NA,NA,NA,NA,NA,NA,NA,""
"CRO-05G017580","Idioblast",3.1825997039542413,NA,NA,NA,NA,NA,NA,NA,NA,NA,NA,NA,NA,NA,NA,""
"CRO-05G019180","IPAP",0.03902341794832753,NA,NA,NA,NA,NA,NA,NA,NA,NA,NA,NA,NA,NA,NA,""
"CRO-05G019570","Idioblast",0.6483928968606391,NA,NA,NA,NA,NA,NA,NA,NA,NA,NA,NA,NA,NA,NA,""
"CRO-05G020220","Epidermis",0.20315917257776273,NA,NA,NA,NA,NA,NA,NA,NA,NA,NA,NA,NA,NA,NA,""
"CRO-05G023030","Epidermis",0.7016568903055929,"Chr5",53079152,53081259,"mRNA","Chr5",53079600,53080865,"+","CRO_T109653","CRO_05G023030","SAT","HXXXD-type acyl-transferase family protein",29,"Alkaloid","known genes"
"CRO-05G025730","Idioblast",0.41101064088735006,NA,NA,NA,NA,NA,NA,NA,NA,NA,NA,NA,NA,NA,NA,""
"CRO-05G025840","Epidermis",1.1182913471154765,NA,NA,NA,NA,NA,NA,NA,NA,NA,NA,NA,NA,NA,NA,""
"CRO-05G026210","Phloem CC",0.4049585502697053,NA,NA,NA,NA,NA,NA,NA,NA,NA,NA,NA,NA,NA,NA,""
"CRO-05G026340","Epidermis",0.08000594573951239,NA,NA,NA,NA,NA,NA,NA,NA,NA,NA,NA,NA,NA,NA,""
"CRO-05G026400","Epidermis",0.6172102090188418,NA,NA,NA,NA,NA,NA,NA,NA,NA,NA,NA,NA,NA,NA,""
"CRO-05G026830","Epidermis",0.1533529196736679,NA,NA,NA,NA,NA,NA,NA,NA,NA,NA,NA,NA,NA,NA,""
"CRO-05G026860","Mesophyll",0.022010613020243274,NA,NA,NA,NA,NA,NA,NA,NA,NA,NA,NA,NA,NA,NA,""
"CRO-05G026890","Phloem CC",0.008742481197268578,NA,NA,NA,NA,NA,NA,NA,NA,NA,NA,NA,NA,NA,NA,""
"CRO-05G027210","Idioblast",1.3585668797132147,NA,NA,NA,NA,NA,NA,NA,NA,NA,NA,NA,NA,NA,NA,""
"CRO-05G028660","Idioblast",2.1161783167926913,NA,NA,NA,NA,NA,NA,NA,NA,NA,NA,NA,NA,NA,NA,""
"CRO-05G028770","Epidermis",0.6221052597609944,NA,NA,NA,NA,NA,NA,NA,NA,NA,NA,NA,NA,NA,NA,""
"CRO-05G028810","IPAP",2.01149150368631,"Chr5",66310319,66312455,"mRNA",NA,NA,NA,NA,NA,NA,"7DLGT",NA,15,"Iridoid","known genes"
"CRO-05G029210","Epidermis",0.3128499237349651,NA,NA,NA,NA,NA,NA,NA,NA,NA,NA,NA,NA,NA,NA,""
"CRO-05G030010","Phloem CC",0.5990678635239918,NA,NA,NA,NA,NA,NA,NA,NA,NA,NA,NA,NA,NA,NA,""
"CRO-05G030540","Phloem CC",0.8126011562221682,NA,NA,NA,NA,NA,NA,NA,NA,NA,NA,NA,NA,NA,NA,""
"CRO-05G030570","Epidermis",0.6432014471365645,NA,NA,NA,NA,NA,NA,NA,NA,NA,NA,NA,NA,NA,NA,""
"CRO-05G031480","IPAP",0.06570603265757893,NA,NA,NA,NA,NA,NA,NA,NA,NA,NA,NA,NA,NA,NA,""
"CRO-05G031500","Phloem CC",0.5290413469598569,NA,NA,NA,NA,NA,NA,NA,NA,NA,NA,NA,NA,NA,NA,""
"CRO-05G031820","Idioblast",0.9084720935149608,NA,NA,NA,NA,NA,NA,NA,NA,NA,NA,NA,NA,NA,NA,""
"CRO-05G032410","IPAP",0.2535678292127344,NA,NA,NA,NA,NA,NA,NA,NA,NA,NA,NA,NA,NA,NA,""
"CRO-05G033220","Phloem CC",0.8743493386111132,NA,NA,NA,NA,NA,NA,NA,NA,NA,NA,NA,NA,NA,NA,""
"CRO-05G033630","Idioblast",3.6360012290351804,NA,NA,NA,NA,NA,NA,NA,NA,NA,NA,NA,NA,NA,NA,""
"CRO-05G033920","Epidermis",0.19944038690463275,NA,NA,NA,NA,NA,NA,NA,NA,NA,NA,NA,NA,NA,NA,""
"CRO-06G000190","Idioblast",0.6511934679382159,NA,NA,NA,NA,NA,NA,NA,NA,NA,NA,NA,NA,NA,NA,""
"CRO-06G000250","Epidermis",0.978961501434566,NA,NA,NA,NA,NA,NA,NA,NA,NA,NA,NA,NA,NA,NA,""
"CRO-06G000340","Idioblast",0.27566748789769147,NA,NA,NA,NA,NA,NA,NA,NA,NA,NA,NA,NA,NA,NA,""
"CRO-06G000540","IPAP",1.214450111219955,NA,NA,NA,NA,NA,NA,NA,NA,NA,NA,NA,NA,NA,NA,""
"CRO-06G000750","Epidermis",0.8085043542654748,NA,NA,NA,NA,NA,NA,NA,NA,NA,NA,NA,NA,NA,NA,""
"CRO-06G000790","Phloem CC",0.25596603850823707,NA,NA,NA,NA,NA,NA,NA,NA,NA,NA,NA,NA,NA,NA,""
"CRO-06G000970","Epidermis",0.2688564136951474,NA,NA,NA,NA,NA,NA,NA,NA,NA,NA,NA,NA,NA,NA,""
"CRO-06G003000","Epidermis",0.48782799480757255,NA,NA,NA,NA,NA,NA,NA,NA,NA,NA,NA,NA,NA,NA,""
"CRO-06G003270","Idioblast",0.7482510772079944,NA,NA,NA,NA,NA,NA,NA,NA,NA,NA,NA,NA,NA,NA,""
"CRO-06G003880","IPAP",0.7269289879088033,NA,NA,NA,NA,NA,NA,NA,NA,NA,NA,NA,NA,NA,NA,""
"CRO-06G004160","Epidermis",0.135819086218536,NA,NA,NA,NA,NA,NA,NA,NA,NA,NA,NA,NA,NA,NA,""
"CRO-06G004180","Epidermis",0.149438520491261,NA,NA,NA,NA,NA,NA,NA,NA,NA,NA,NA,NA,NA,NA,""
"CRO-06G004520","Guard cells",0.03372357182911062,NA,NA,NA,NA,NA,NA,NA,NA,NA,NA,NA,NA,NA,NA,""
"CRO-06G006060","Epidermis",0.18826319621403306,NA,NA,NA,NA,NA,NA,NA,NA,NA,NA,NA,NA,NA,NA,""
"CRO-06G006210","Vasculature",0.48644053966767764,NA,NA,NA,NA,NA,NA,NA,NA,NA,NA,NA,NA,NA,NA,""
"CRO-06G006240","IPAP",0.6496460048911201,NA,NA,NA,NA,NA,NA,NA,NA,NA,NA,NA,NA,NA,NA,""
"CRO-06G006500","Epidermis",0.07301841404315611,NA,NA,NA,NA,NA,NA,NA,NA,NA,NA,NA,NA,NA,NA,""
"CRO-06G006930","Idioblast",0.6999259399156185,NA,NA,NA,NA,NA,NA,NA,NA,NA,NA,NA,NA,NA,NA,""
"CRO-06G008460","Epidermis",0.9124401237430957,NA,NA,NA,NA,NA,NA,NA,NA,NA,NA,NA,NA,NA,NA,""
"CRO-06G009840","Phloem CC",0.01647957063282352,NA,NA,NA,NA,NA,NA,NA,NA,NA,NA,NA,NA,NA,NA,""
"CRO-06G009970","Epidermis",0.9396563734055975,NA,NA,NA,NA,NA,NA,NA,NA,NA,NA,NA,NA,NA,NA,""
"CRO-06G010180","Idioblast",0.41516615302388893,NA,NA,NA,NA,NA,NA,NA,NA,NA,NA,NA,NA,NA,NA,""
"CRO-06G010770","Epidermis",0.06189243166504098,NA,NA,NA,NA,NA,NA,NA,NA,NA,NA,NA,NA,NA,NA,""
"CRO-06G012230","Epidermis",0.349867435383876,NA,NA,NA,NA,NA,NA,NA,NA,NA,NA,NA,NA,NA,NA,""
"CRO-06G013360","Idioblast",3.7993367383182233,"Chr6",32319166,32322926,"mRNA","Chr6",32319774,32322925,"-","CRO_T127167","CRO_06G013360","D4H","2-oxoglutarate (2OG) and Fe(II)-dependent oxygenase superfamily protein",38,"Late Alkaloid","known genes"
"CRO-06G013580","Idioblast",0.28516381041670974,NA,NA,NA,NA,NA,NA,NA,NA,NA,NA,NA,NA,NA,NA,""
"CRO-06G013610","Idioblast",2.057021401797553,NA,NA,NA,NA,NA,NA,NA,NA,NA,NA,NA,NA,NA,NA,""
"CRO-06G014380","Epidermis",0.9721655131445588,NA,NA,NA,NA,NA,NA,NA,NA,NA,NA,NA,NA,NA,NA,""
"CRO-06G014840","IPAP",0.07031276026903316,NA,NA,NA,NA,NA,NA,NA,NA,NA,NA,NA,NA,NA,NA,""
"CRO-06G014960","Vasculature",0.5086390124348243,NA,NA,NA,NA,NA,NA,NA,NA,NA,NA,NA,NA,NA,NA,""
"CRO-06G015840","Idioblast",0.24632811769489654,NA,NA,NA,NA,NA,NA,NA,NA,NA,NA,NA,NA,NA,NA,""
"CRO-06G015960","Epidermis",0.3025457747261689,NA,NA,NA,NA,NA,NA,NA,NA,NA,NA,NA,NA,NA,NA,""
"CRO-06G016280","Epidermis",0.9092788201459555,NA,NA,NA,NA,NA,NA,NA,NA,NA,NA,NA,NA,NA,NA,""
"CRO-06G016480","Idioblast",0.10393598561076339,NA,NA,NA,NA,NA,NA,NA,NA,NA,NA,NA,NA,NA,NA,""
"CRO-06G016650","Epidermis",0.23230334386993118,NA,NA,NA,NA,NA,NA,NA,NA,NA,NA,NA,NA,NA,NA,""
"CRO-06G016970","IPAP",1.378393790788343,"Chr6",42922661,42927534,"mRNA","Chr6",42922806,42927534,"+","CRO_T108158","CRO_06G016970","IPI","isopentenyl diphosphate isomerase",8,"MEP","known genes"
"CRO-06G017960","Epidermis",1.2902715021295312,NA,NA,NA,NA,NA,NA,NA,NA,NA,NA,NA,NA,NA,NA,""
"CRO-06G019130","Epidermis",0.06964245390392337,NA,NA,NA,NA,NA,NA,NA,NA,NA,NA,NA,NA,NA,NA,""
"CRO-06G019160","Epidermis",0.4516129056250536,NA,NA,NA,NA,NA,NA,NA,NA,NA,NA,NA,NA,NA,NA,""
"CRO-06G019330","Idioblast",0.26789454174492966,NA,NA,NA,NA,NA,NA,NA,NA,NA,NA,NA,NA,NA,NA,""
"CRO-06G019550","Epidermis",0.5088501298186048,NA,NA,NA,NA,NA,NA,NA,NA,NA,NA,NA,NA,NA,NA,""
"CRO-06G019770","Idioblast",0.3185097935360906,NA,NA,NA,NA,NA,NA,NA,NA,NA,NA,NA,NA,NA,NA,""
"CRO-06G019990","Idioblast",0.9494221124155046,NA,NA,NA,NA,NA,NA,NA,NA,NA,NA,NA,NA,NA,NA,""
"CRO-06G020060","IPAP",2.4423769128235038,NA,NA,NA,NA,NA,NA,NA,NA,NA,NA,NA,NA,NA,NA,""
"CRO-06G021140","Epidermis",1.125090532512303,NA,NA,NA,NA,NA,NA,NA,NA,NA,NA,NA,NA,NA,NA,""
"CRO-06G021260","Epidermis",0.2499282265224754,NA,NA,NA,NA,NA,NA,NA,NA,NA,NA,NA,NA,NA,NA,""
"CRO-06G021310","Idioblast",0.5346543247071627,NA,NA,NA,NA,NA,NA,NA,NA,NA,NA,NA,NA,NA,NA,""
"CRO-06G022090","Phloem CC",0.26125514866469163,NA,NA,NA,NA,NA,NA,NA,NA,NA,NA,NA,NA,NA,NA,""
"CRO-06G022930","Epidermis",0.5177124566252563,NA,NA,NA,NA,NA,NA,NA,NA,NA,NA,NA,NA,NA,NA,""
"CRO-06G024130","Idioblast",2.566471329964634,NA,NA,NA,NA,NA,NA,NA,NA,NA,NA,NA,NA,NA,NA,""
"CRO-06G024600","Epidermis",0.6929097849366777,"Chr6",58926982,58929303,"mRNA","Chr6",58926817,58929338,"-","CRO_T113154","CRO_06G024600","GS1","elicitor-activated gene 3-2",25,"Alkaloid","known genes"
"CRO-06G024620","Idioblast",2.2132983061476375,"Chr6",58960021,58962404,"mRNA","Chr6",58960034,58962383,"-","CRO_T113150","CRO_06G024620","THAS2","",NA,"Late Alkaloid","known genes"
"CRO-06G024630","Epidermis",0.4032478270409575,"Chr6",59015092,59017200,"mRNA","Chr6",59015408,59016997,"+","CRO_T113148","CRO_06G024630","PAS","FAD-binding Berberine family protein",30,"Alkaloid","known genes"
"CRO-06G025640","Epidermis",0.6701662818473362,NA,NA,NA,NA,NA,NA,NA,NA,NA,NA,NA,NA,NA,NA,""
"CRO-06G025650","Epidermis",0.6159954402214182,NA,NA,NA,NA,NA,NA,NA,NA,NA,NA,NA,NA,NA,NA,""
"CRO-06G025710","Epidermis",0.7278078921484169,NA,NA,NA,NA,NA,NA,NA,NA,NA,NA,NA,NA,NA,NA,""
"CRO-06G025970","Epidermis",0.47223956711220005,NA,NA,NA,NA,NA,NA,NA,NA,NA,NA,NA,NA,NA,NA,""
"CRO-06G026070","Epidermis",0.19698246846318584,NA,NA,NA,NA,NA,NA,NA,NA,NA,NA,NA,NA,NA,NA,""
"CRO-06G026720","Phloem CC",1.1723983418253807,NA,NA,NA,NA,NA,NA,NA,NA,NA,NA,NA,NA,NA,NA,""
"CRO-06G027030","Phloem CC",0.07511985227311141,NA,NA,NA,NA,NA,NA,NA,NA,NA,NA,NA,NA,NA,NA,""
"CRO-06G027440","Idioblast",0.1607020638240427,NA,NA,NA,NA,NA,NA,NA,NA,NA,NA,NA,NA,NA,NA,""
"CRO-06G027500","Idioblast",0.9541155762910061,NA,NA,NA,NA,NA,NA,NA,NA,NA,NA,NA,NA,NA,NA,""
"CRO-06G028470","Epidermis",0.9988166125830824,NA,NA,NA,NA,NA,NA,NA,NA,NA,NA,NA,NA,NA,NA,""
"CRO-06G028720","Phloem CC",0.19351242898653695,NA,NA,NA,NA,NA,NA,NA,NA,NA,NA,NA,NA,NA,NA,""
"CRO-06G029240","Epidermis",0.15556491101167577,"Chr6",64918906,64920308,"mRNA","Chr6",64919505,64920224,"-","CRO_T110361","CRO_06G029240","ORCA4","",NA,"TF","known genes"
"CRO-06G029250","Phloem CC",0.09462998014715564,"Chr6",64937213,64938136,"mRNA","Chr6",64937437,64938051,"-","CRO_T110360","CRO_06G029250","ORCA3","",NA,"TF","known genes"
"CRO-06G029350","Idioblast",1.8138446873769591,NA,NA,NA,NA,NA,NA,NA,NA,NA,NA,NA,NA,NA,NA,""
"CRO-06G030000","Idioblast",0.30355859797631446,NA,NA,NA,NA,NA,NA,NA,NA,NA,NA,NA,NA,NA,NA,""
"CRO-06G030990","Epidermis",0.5232713143205624,NA,NA,NA,NA,NA,NA,NA,NA,NA,NA,NA,NA,NA,NA,""
"CRO-06G031950","Epidermis",0.0389789152592131,NA,NA,NA,NA,NA,NA,NA,NA,NA,NA,NA,NA,NA,NA,""
"CRO-06G032080","Epidermis",1.1085749401952087,NA,NA,NA,NA,NA,NA,NA,NA,NA,NA,NA,NA,NA,NA,""
"CRO-06G032100","Epidermis",0.251194971073889,NA,NA,NA,NA,NA,NA,NA,NA,NA,NA,NA,NA,NA,NA,""
"CRO-06G032200","Vasculature",0.0977255556281333,NA,NA,NA,NA,NA,NA,NA,NA,NA,NA,NA,NA,NA,NA,""
"CRO-06G032870","Phloem CC",0.708484218009367,NA,NA,NA,NA,NA,NA,NA,NA,NA,NA,NA,NA,NA,NA,""
"CRO-06G033010","Idioblast",1.7192586008985211,NA,NA,NA,NA,NA,NA,NA,NA,NA,NA,NA,NA,NA,NA,""
"CRO-06G033690","Idioblast",0.33718192688255894,NA,NA,NA,NA,NA,NA,NA,NA,NA,NA,NA,NA,NA,NA,""
"CRO-06G033800","Epidermis",0.6490854736919922,NA,NA,NA,NA,NA,NA,NA,NA,NA,NA,NA,NA,NA,NA,""
"CRO-07G000120","Epidermis",0.8337353232010252,NA,NA,NA,NA,NA,NA,NA,NA,NA,NA,NA,NA,NA,NA,""
"CRO-07G000280","Phloem CC",0.40035935339427886,"Chr7",384994,388125,"mRNA","Chr7",385581,387662,"+","CRO_T124533","CRO_07G000280","MYC2","",NA,"TF","known genes"
"CRO-07G001730","Epidermis",0.19118860600493928,NA,NA,NA,NA,NA,NA,NA,NA,NA,NA,NA,NA,NA,NA,""
"CRO-07G001910","Phloem CC",0.3851681474159498,NA,NA,NA,NA,NA,NA,NA,NA,NA,NA,NA,NA,NA,NA,""
"CRO-07G002170","Idioblast",0.8310997678439965,NA,NA,NA,NA,NA,NA,NA,NA,NA,NA,NA,NA,NA,NA,""
"CRO-07G002680","Idioblast",0.3400093813714957,NA,NA,NA,NA,NA,NA,NA,NA,NA,NA,NA,NA,NA,NA,""
"CRO-07G003880","Epidermis",0.8895884543542334,NA,NA,NA,NA,NA,NA,NA,NA,NA,NA,NA,NA,NA,NA,""
"CRO-07G004010","Epidermis",0.16758631015431036,NA,NA,NA,NA,NA,NA,NA,NA,NA,NA,NA,NA,NA,NA,""
"CRO-07G004110","Mesophyll",7.995576271034746e-4,NA,NA,NA,NA,NA,NA,NA,NA,NA,NA,NA,NA,NA,NA,""
"CRO-07G004620","Epidermis",0.3367058173356035,NA,NA,NA,NA,NA,NA,NA,NA,NA,NA,NA,NA,NA,NA,""
"CRO-07G004630","Idioblast",1.4627864557892265,NA,NA,NA,NA,NA,NA,NA,NA,NA,NA,NA,NA,NA,NA,""
"CRO-07G004910","Epidermis",0.5736363419298506,NA,NA,NA,NA,NA,NA,NA,NA,NA,NA,NA,NA,NA,NA,""
"CRO-07G005090","Vasculature",0.32756680659670645,NA,NA,NA,NA,NA,NA,NA,NA,NA,NA,NA,NA,NA,NA,""
"CRO-07G005430","IPAP",1.1882410999194724,"Chr7",4969873,4972671,"mRNA","Chr7",4970008,4972610,"-","CRO_T130236","CRO_07G005430","MCS","isoprenoid F",5,"MEP","known genes"
"CRO-07G005460","Epidermis",0.23826874942185602,NA,NA,NA,NA,NA,NA,NA,NA,NA,NA,NA,NA,NA,NA,""
"CRO-07G005690","Idioblast",0.3525860723319611,NA,NA,NA,NA,NA,NA,NA,NA,NA,NA,NA,NA,NA,NA,""
"CRO-07G006000","Epidermis",0.45486870473522706,NA,NA,NA,NA,NA,NA,NA,NA,NA,NA,NA,NA,NA,NA,""
"CRO-07G006070","Idioblast",0.18165763588544293,NA,NA,NA,NA,NA,NA,NA,NA,NA,NA,NA,NA,NA,NA,""
"CRO-07G006160","Epidermis",0.4096246108721686,NA,NA,NA,NA,NA,NA,NA,NA,NA,NA,NA,NA,NA,NA,""
"CRO-07G006840","Idioblast",0.5273047429124288,NA,NA,NA,NA,NA,NA,NA,NA,NA,NA,NA,NA,NA,NA,""
"CRO-07G006850","Idioblast",1.8212844511176298,NA,NA,NA,NA,NA,NA,NA,NA,NA,NA,NA,NA,NA,NA,""
"CRO-07G006910","Epidermis",0.48031300534748556,NA,NA,NA,NA,NA,NA,NA,NA,NA,NA,NA,NA,NA,NA,""
"CRO-07G007510","Epidermis",0.29188105965427874,NA,NA,NA,NA,NA,NA,NA,NA,NA,NA,NA,NA,NA,NA,""
"CRO-07G007580","Idioblast",0.8517193105216857,NA,NA,NA,NA,NA,NA,NA,NA,NA,NA,NA,NA,NA,NA,""
"CRO-07G007670","IPAP",1.744462578134682,NA,NA,NA,NA,NA,NA,NA,NA,NA,NA,NA,NA,NA,NA,""
"CRO-07G007680","IPAP",2.5571190765340597,"Chr7",6967404,6968570,"mRNA","Chr7",6966534,6971921,"+","CRO_T130026","CRO_07G007680/CRO_07G007690","ISY","NAD(P)-binding Rossmann-fold superfamily protein",13,"Iridoid","known genes"
"CRO-07G007700","Epidermis",1.1450684839968768,NA,NA,NA,NA,NA,NA,NA,NA,NA,NA,NA,NA,NA,NA,""
"CRO-07G007980","Epidermis",0.31660712084873566,NA,NA,NA,NA,NA,NA,NA,NA,NA,NA,NA,NA,NA,NA,""
"CRO-07G008320","Vasculature",0.3445325029815982,NA,NA,NA,NA,NA,NA,NA,NA,NA,NA,NA,NA,NA,NA,""
"CRO-07G008340","Epidermis",1.296671599206864,NA,NA,NA,NA,NA,NA,NA,NA,NA,NA,NA,NA,NA,NA,""
"CRO-07G008600","Phloem CC",0.2795415114739339,NA,NA,NA,NA,NA,NA,NA,NA,NA,NA,NA,NA,NA,NA,""
"CRO-07G009080","Epidermis",0.08286414177210054,NA,NA,NA,NA,NA,NA,NA,NA,NA,NA,NA,NA,NA,NA,""
"CRO-07G010060","Idioblast",3.415679320804025,NA,NA,NA,NA,NA,NA,NA,NA,NA,NA,NA,NA,NA,NA,""
"CRO-07G010070","Idioblast",2.335440123912507,NA,NA,NA,NA,NA,NA,NA,NA,NA,NA,NA,NA,NA,NA,""
"CRO-07G010080","Epidermis",1.0411906217433333,NA,NA,NA,NA,NA,NA,NA,NA,NA,NA,NA,NA,NA,NA,""
"CRO-07G010160","Idioblast",0.41378853650329234,NA,NA,NA,NA,NA,NA,NA,NA,NA,NA,NA,NA,NA,NA,""
"CRO-07G010240","Idioblast",1.6946771713373243,NA,NA,NA,NA,NA,NA,NA,NA,NA,NA,NA,NA,NA,NA,""
"CRO-07G010530","Idioblast",0.3328932288893243,NA,NA,NA,NA,NA,NA,NA,NA,NA,NA,NA,NA,NA,NA,""
"CRO-07G010620","Phloem CC",0.508398375005911,NA,NA,NA,NA,NA,NA,NA,NA,NA,NA,NA,NA,NA,NA,""
"CRO-07G010880","Idioblast",0.3363688577643444,NA,NA,NA,NA,NA,NA,NA,NA,NA,NA,NA,NA,NA,NA,""
"CRO-07G011030","Epidermis",0.224777031858805,NA,NA,NA,NA,NA,NA,NA,NA,NA,NA,NA,NA,NA,NA,""
"CRO-07G011260","Idioblast",0.7868142991315301,NA,NA,NA,NA,NA,NA,NA,NA,NA,NA,NA,NA,NA,NA,""
"CRO-07G011700","Idioblast",1.897051892798477,NA,NA,NA,NA,NA,NA,NA,NA,NA,NA,NA,NA,NA,NA,""
"CRO-07G011860","Epidermis",0.9933165258592359,NA,NA,NA,NA,NA,NA,NA,NA,NA,NA,NA,NA,NA,NA,""
"CRO-07G012950","Epidermis",0.4892518433392709,NA,NA,NA,NA,NA,NA,NA,NA,NA,NA,NA,NA,NA,NA,""
"CRO-07G013280","Phloem CC",1.86659360657697,NA,NA,NA,NA,NA,NA,NA,NA,NA,NA,NA,NA,NA,NA,""
"CRO-07G014640","Epidermis",0.08138709726026405,NA,NA,NA,NA,NA,NA,NA,NA,NA,NA,NA,NA,NA,NA,""
"CRO-07G015460","Idioblast",0.6037413856230732,NA,NA,NA,NA,NA,NA,NA,NA,NA,NA,NA,NA,NA,NA,""
"CRO-07G015670","Epidermis",0.7735908687384919,NA,NA,NA,NA,NA,NA,NA,NA,NA,NA,NA,NA,NA,NA,""
"CRO-07G015860","Idioblast",0.6495407315188976,NA,NA,NA,NA,NA,NA,NA,NA,NA,NA,NA,NA,NA,NA,""
"CRO-07G016140","Epidermis",0.34151115555462674,NA,NA,NA,NA,NA,NA,NA,NA,NA,NA,NA,NA,NA,NA,""
"CRO-07G016640","Epidermis",1.130382856415752,NA,NA,NA,NA,NA,NA,NA,NA,NA,NA,NA,NA,NA,NA,""
"CRO-07G017790","Idioblast",0.22647546631713839,NA,NA,NA,NA,NA,NA,NA,NA,NA,NA,NA,NA,NA,NA,""
"CRO-07G018480","IPAP",0.3999212608254706,NA,NA,NA,NA,NA,NA,NA,NA,NA,NA,NA,NA,NA,NA,""
"CRO-07G019670","IPAP",0.3522891326951685,NA,NA,NA,NA,NA,NA,NA,NA,NA,NA,NA,NA,NA,NA,""
"CRO-07G020710","Epidermis",0.8710563441095814,NA,NA,NA,NA,NA,NA,NA,NA,NA,NA,NA,NA,NA,NA,""
"CRO-07G021250","Vasculature",0.05689503032010134,NA,NA,NA,NA,NA,NA,NA,NA,NA,NA,NA,NA,NA,NA,""
"CRO-07G021290","IPAP",0.5537579835594864,NA,NA,NA,NA,NA,NA,NA,NA,NA,NA,NA,NA,NA,NA,""
"CRO-07G021850","Epidermis",0.5510761461393264,NA,NA,NA,NA,NA,NA,NA,NA,NA,NA,NA,NA,NA,NA,""
"CRO-07G022150","Epidermis",0.8587990976423996,NA,NA,NA,NA,NA,NA,NA,NA,NA,NA,NA,NA,NA,NA,""
"CRO-08G000290","Phloem CC",0.0665737713888274,NA,NA,NA,NA,NA,NA,NA,NA,NA,NA,NA,NA,NA,NA,""
"CRO-08G000430","Epidermis",1.0018683701897533,NA,NA,NA,NA,NA,NA,NA,NA,NA,NA,NA,NA,NA,NA,""
"CRO-08G000950","Epidermis",0.02425629142343527,NA,NA,NA,NA,NA,NA,NA,NA,NA,NA,NA,NA,NA,NA,""
"CRO-08G001030","Epidermis",1.2634588793323562,NA,NA,NA,NA,NA,NA,NA,NA,NA,NA,NA,NA,NA,NA,""
"CRO-08G001640","Idioblast",1.7436486000446083,NA,NA,NA,NA,NA,NA,NA,NA,NA,NA,NA,NA,NA,NA,""
"CRO-08G001730","Idioblast",0.08900551214788911,NA,NA,NA,NA,NA,NA,NA,NA,NA,NA,NA,NA,NA,NA,""
"CRO-08G001790","Phloem CC",0.09813825400532078,NA,NA,NA,NA,NA,NA,NA,NA,NA,NA,NA,NA,NA,NA,""
"CRO-08G002610","Epidermis",0.5858039731076733,NA,NA,NA,NA,NA,NA,NA,NA,NA,NA,NA,NA,NA,NA,""
"CRO-08G003240","Phloem CC",0.07621690964388371,NA,NA,NA,NA,NA,NA,NA,NA,NA,NA,NA,NA,NA,NA,""
"CRO-08G003500","Vasculature",0.3067220692596863,NA,NA,NA,NA,NA,NA,NA,NA,NA,NA,NA,NA,NA,NA,""
"CRO-08G004210","Idioblast",0.09253568515034871,NA,NA,NA,NA,NA,NA,NA,NA,NA,NA,NA,NA,NA,NA,""
"CRO-08G004320","Phloem CC",0.38113003730078227,NA,NA,NA,NA,NA,NA,NA,NA,NA,NA,NA,NA,NA,NA,""
"CRO-08G004460","Epidermis",0.9169910633806494,NA,NA,NA,NA,NA,NA,NA,NA,NA,NA,NA,NA,NA,NA,""
"CRO-08G005100","Epidermis",0.6987120106264244,NA,NA,NA,NA,NA,NA,NA,NA,NA,NA,NA,NA,NA,NA,""
"CRO-08G005780","Idioblast",0.8682004106434815,NA,NA,NA,NA,NA,NA,NA,NA,NA,NA,NA,NA,NA,NA,""
"CRO-08G006150","Phloem CC",0.14876435019982184,NA,NA,NA,NA,NA,NA,NA,NA,NA,NA,NA,NA,NA,NA,""
"CRO-08G006770","Epidermis",0.15335481622531008,NA,NA,NA,NA,NA,NA,NA,NA,NA,NA,NA,NA,NA,NA,""
"CRO-08G006910","Epidermis",0.23179376894647563,NA,NA,NA,NA,NA,NA,NA,NA,NA,NA,NA,NA,NA,NA,""
"CRO-08G006920","Epidermis",0.5284899057098456,NA,NA,NA,NA,NA,NA,NA,NA,NA,NA,NA,NA,NA,NA,""
"CRO-08G007690","Idioblast",0.6633459766887317,NA,NA,NA,NA,NA,NA,NA,NA,NA,NA,NA,NA,NA,NA,""
"CRO-08G008150","Idioblast",1.8748427346534047,NA,NA,NA,NA,NA,NA,NA,NA,NA,NA,NA,NA,NA,NA,""
"CRO-08G008610","Epidermis",0.7068417596413745,NA,NA,NA,NA,NA,NA,NA,NA,NA,NA,NA,NA,NA,NA,""
"CRO-08G008690","Idioblast",0.3826558090176379,NA,NA,NA,NA,NA,NA,NA,NA,NA,NA,NA,NA,NA,NA,""
"CRO-08G008710","Idioblast",2.677884602207902,NA,NA,NA,NA,NA,NA,NA,NA,NA,NA,NA,NA,NA,NA,""
"CRO-08G008750","Epidermis",0.052119364182215674,NA,NA,NA,NA,NA,NA,NA,NA,NA,NA,NA,NA,NA,NA,""
"CRO-08G009230","Epidermis",0.6281772615373635,NA,NA,NA,NA,NA,NA,NA,NA,NA,NA,NA,NA,NA,NA,""
"CRO-08G011210","Phloem CC",0.17855667695016833,NA,NA,NA,NA,NA,NA,NA,NA,NA,NA,NA,NA,NA,NA,""
"CRO-08G011640","Epidermis",0.7557657077067903,NA,NA,NA,NA,NA,NA,NA,NA,NA,NA,NA,NA,NA,NA,""
"CRO-08G012120","Epidermis",1.080691905245534,NA,NA,NA,NA,NA,NA,NA,NA,NA,NA,NA,NA,NA,NA,""
"CRO-08G012500","Phloem CC",0.09299070433157941,NA,NA,NA,NA,NA,NA,NA,NA,NA,NA,NA,NA,NA,NA,""
"CRO-08G012540","Idioblast",3.77049925687143,NA,NA,NA,NA,NA,NA,NA,NA,NA,NA,NA,NA,NA,NA,""
"CRO-08G012580","IPAP",0.4573474122371872,NA,NA,NA,NA,NA,NA,NA,NA,NA,NA,NA,NA,NA,NA,""
"CRO-08G012900","Epidermis",0.9504327399374543,NA,NA,NA,NA,NA,NA,NA,NA,NA,NA,NA,NA,NA,NA,""
"CRO-08G013330","Phloem CC",0.41446655300141827,NA,NA,NA,NA,NA,NA,NA,NA,NA,NA,NA,NA,NA,NA,""
"CRO-08G013440","Idioblast",0.720775183555242,NA,NA,NA,NA,NA,NA,NA,NA,NA,NA,NA,NA,NA,NA,""
"CRO-08G014620","Epidermis",0.47625157590798617,NA,NA,NA,NA,NA,NA,NA,NA,NA,NA,NA,NA,NA,NA,""
"CRO-08G015350","IPAP",1.1006087988265725,NA,NA,NA,NA,NA,NA,NA,NA,NA,NA,NA,NA,NA,NA,""
"CRO-08G015700","Idioblast",0.23486369632738718,NA,NA,NA,NA,NA,NA,NA,NA,NA,NA,NA,NA,NA,NA,""
"CRO-08G015840","Phloem CC",0.6174220315926765,NA,NA,NA,NA,NA,NA,NA,NA,NA,NA,NA,NA,NA,NA,""
"CRO-08G016440","Idioblast",0.3293253630945915,NA,NA,NA,NA,NA,NA,NA,NA,NA,NA,NA,NA,NA,NA,""
"CRO-08G016450","Vasculature",0.12971918831725135,NA,NA,NA,NA,NA,NA,NA,NA,NA,NA,NA,NA,NA,NA,""
"CRO-08G017150","IPAP",1.0884289391613404,"Chr8",29278336,29284345,"mRNA","Chr8",29278469,29283118,"+","CRO_T135503","CRO_08G017150","CMS","Nucleotide-diphospho-sugar transferases superfamily protein",3,"MEP","known genes"
"CRO-08G017260","Idioblast",0.4305662492284262,NA,NA,NA,NA,NA,NA,NA,NA,NA,NA,NA,NA,NA,NA,""
"CRO-08G017790","Epidermis",0.5028454218201375,NA,NA,NA,NA,NA,NA,NA,NA,NA,NA,NA,NA,NA,NA,""
"CRO-08G018710","Phloem CC",0.33155609587512974,NA,NA,NA,NA,NA,NA,NA,NA,NA,NA,NA,NA,NA,NA,""
"CRO-08G018870","Epidermis",1.085899693350184,NA,NA,NA,NA,NA,NA,NA,NA,NA,NA,NA,NA,NA,NA,""
"CRO-08G020120","Idioblast",0.43963396948347855,NA,NA,NA,NA,NA,NA,NA,NA,NA,NA,NA,NA,NA,NA,""
"CRO-08G022240","Idioblast",0.4095216843897507,NA,NA,NA,NA,NA,NA,NA,NA,NA,NA,NA,NA,NA,NA,""
"CRO-08G023220","Epidermis",0.9577248069021754,NA,NA,NA,NA,NA,NA,NA,NA,NA,NA,NA,NA,NA,NA,""
"CRO-08G024050","Idioblast",2.448107656626445,NA,NA,NA,NA,NA,NA,NA,NA,NA,NA,NA,NA,NA,NA,""
"CRO-08G024830","Epidermis",0.5685741052526132,NA,NA,NA,NA,NA,NA,NA,NA,NA,NA,NA,NA,NA,NA,""
"CRO-08G025420","IPAP",0.7051840319497358,NA,NA,NA,NA,NA,NA,NA,NA,NA,NA,NA,NA,NA,NA,""
"CRO-08G025800","Idioblast",0.37634973944750183,NA,NA,NA,NA,NA,NA,NA,NA,NA,NA,NA,NA,NA,NA,""
"CRO-08G027350","Epidermis",0.2119099835945778,NA,NA,NA,NA,NA,NA,NA,NA,NA,NA,NA,NA,NA,NA,""
"CRO-08G029010","Epidermis",0.248221709179405,NA,NA,NA,NA,NA,NA,NA,NA,NA,NA,NA,NA,NA,NA,""
"CRO-08G029630","Epidermis",0.35599434474685904,NA,NA,NA,NA,NA,NA,NA,NA,NA,NA,NA,NA,NA,NA,""
"CRO-08G029830","Phloem CC",0.234158925784529,NA,NA,NA,NA,NA,NA,NA,NA,NA,NA,NA,NA,NA,NA,""
"CRO-08G030980","Idioblast",0.9776422191445289,NA,NA,NA,NA,NA,NA,NA,NA,NA,NA,NA,NA,NA,NA,""
"CRO-08G033050","Epidermis",0.39306220063438607,NA,NA,NA,NA,NA,NA,NA,NA,NA,NA,NA,NA,NA,NA,""
"CRO-08G033150","Phloem CC",0.36685582237615316,NA,NA,NA,NA,NA,NA,NA,NA,NA,NA,NA,NA,NA,NA,""
"CRO.S000400","Idioblast",0.20031369581632796,NA,NA,NA,NA,NA,NA,NA,NA,NA,NA,NA,NA,NA,NA,""
"CRO.S001090","Guard cells",0.07013411846644452,NA,NA,NA,NA,NA,NA,NA,NA,NA,NA,NA,NA,NA,NA,""
"CRO.S002200","Epidermis",0.30527268034582433,NA,NA,NA,NA,NA,NA,NA,NA,NA,NA,NA,NA,NA,NA,""
"CRO.S002810","Idioblast",0.7515953233070821,NA,NA,NA,NA,NA,NA,NA,NA,NA,NA,NA,NA,NA,NA,""
"CRO.S005240","Idioblast",2.445984941987354,NA,NA,NA,NA,NA,NA,NA,NA,NA,NA,NA,NA,NA,NA,""
